name,id,mass,year,reclat,reclong
Aachen,1,21,1880-01-01T00:00:00.000,50.775000,6.083330
Aarhus,2,720,1951-01-01T00:00:00.000,56.183330,10.233330
Abee,6,107000,1952-01-01T00:00:00.000,54.216670,-113.000000
Acapulco,10,1914,1976-01-01T00:00:00.000,16.883330,-99.900000
Achiras,370,780,1902-01-01T00:00:00.000,-33.166670,-64.950000
Adhi Kot,379,4239,1919-01-01T00:00:00.000,32.100000,71.800000
Adzhi-Bogdo (stone),390,910,1949-01-01T00:00:00.000,44.833330,95.166670
Agen,392,30000,1814-01-01T00:00:00.000,44.216670,0.616670
Aguada,398,1620,1930-01-01T00:00:00.000,-31.600000,-65.233330
Aguila Blanca,417,1440,1920-01-01T00:00:00.000,-30.866670,-64.550000
Aioun el Atrouss,423,1000,1974-01-01T00:00:00.000,16.398060,-9.570280
Aïr,424,24000,1925-01-01T00:00:00.000,19.083330,8.383330
Aire-sur-la-Lys,425,,1769-01-01T00:00:00.000,50.666670,2.333330
Akaba,426,779,1949-01-01T00:00:00.000,29.516670,35.050000
Akbarpur,427,1800,1838-01-01T00:00:00.000,29.716670,77.950000
Akwanga,432,3000,1959-01-01T00:00:00.000,8.916670,8.433330
Akyumak,433,50000,1981-01-01T00:00:00.000,39.916670,42.816670
Al Rais,446,160,1957-01-01T00:00:00.000,24.416670,39.516670
Al Zarnkh,447,700,2001-01-01T00:00:00.000,13.660330,28.960000
Alais,448,6000,1806-01-01T00:00:00.000,44.116670,4.083330
Albareto,453,2000,1766-01-01T00:00:00.000,44.650000,11.016670
Alberta,454,625,1949-01-01T00:00:00.000,2.000000,22.666670
Alby sur Chéran,458,252,2002-01-01T00:00:00.000,45.821330,6.015330
Aldsworth,461,700,1835-01-01T00:00:00.000,51.783330,-1.783330
Aleppo,462,3200,1873-01-01T00:00:00.000,36.233330,37.133330
Alessandria,463,908,1860-01-01T00:00:00.000,44.883330,8.750000
Alexandrovsky,465,9251,1900-01-01T00:00:00.000,50.950000,31.816670
Alfianello,466,228000,1883-01-01T00:00:00.000,45.266670,10.150000
Allegan,2276,32000,1899-01-01T00:00:00.000,42.533330,-85.883330
Allende,2278,2000000,1969-01-01T00:00:00.000,26.966670,-105.316670
Almahata Sitta,48915,3950,2008-01-01T00:00:00.000,20.745750,32.412750
Alta'ameem,2284,6000,1977-01-01T00:00:00.000,35.273330,44.215560
Ambapur Nagla,2290,6400,1895-01-01T00:00:00.000,27.666670,78.250000
Andhara,2294,2700,1880-01-01T00:00:00.000,26.583330,85.566670
Andover,2295,3200,1898-01-01T00:00:00.000,44.616670,-70.750000
Andreevka,2296,600,1969-01-01T00:00:00.000,48.700000,37.500000
Andura,2298,17900,1939-01-01T00:00:00.000,20.883330,76.866670
Northwest Africa 5815,50693,256.8,,0.000000,0.000000
Angers,2301,,1822-01-01T00:00:00.000,47.466670,-0.550000
Angra dos Reis (stone),2302,1500,1869-01-01T00:00:00.000,-22.966670,-44.316670
Ankober,2304,6500,1942-01-01T00:00:00.000,9.533330,39.716670
Anlong,2305,2500,1971-01-01T00:00:00.000,25.150000,105.183330
Aomori,2313,320,1984-01-01T00:00:00.000,40.810560,140.785560
Appley Bridge,2318,15000,1914-01-01T00:00:00.000,53.583330,-2.716670
Apt,2320,3200,1803-01-01T00:00:00.000,43.866670,5.383330
Arbol Solo,2325,810,1954-01-01T00:00:00.000,-33.000000,-66.000000
Archie,2329,5070,1932-01-01T00:00:00.000,38.500000,-94.300000
Arroyo Aguiar,2340,7450,1950-01-01T00:00:00.000,-31.416670,-60.666670
Asco,2345,41,1805-01-01T00:00:00.000,42.450000,9.033330
Ash Creek,48954,9500,2009-01-01T00:00:00.000,31.805000,-97.010000
Ashdon,2346,1300,1923-01-01T00:00:00.000,52.050000,0.300000
Assisi,2353,2000,1886-01-01T00:00:00.000,43.033330,12.550000
Atarra,4883,1280,1920-01-01T00:00:00.000,25.254170,80.625000
Atemajac,4884,94.2,1896-01-01T00:00:00.000,20.066670,-103.666670
Athens,4885,265,1933-01-01T00:00:00.000,34.750000,-87.000000
Atoka,4888,1384.2,1945-01-01T00:00:00.000,34.316670,-96.150000
Aubres,4893,800,1836-01-01T00:00:00.000,44.383330,5.166670
Aumale,4899,50000,1865-01-01T00:00:00.000,36.166670,3.666670
Aumieres,4900,2000,1842-01-01T00:00:00.000,44.333330,3.233330
Ausson,4903,50000,1858-01-01T00:00:00.000,43.083330,0.583330
Avanhandava,4905,9330,1952-01-01T00:00:00.000,-21.460280,-49.950830
Avce,4906,1230,1908-01-01T00:00:00.000,46.000000,13.500000
Avilez,4907,146,1855-01-01T00:00:00.000,25.000000,-103.500000
Awere,4910,134,1968-01-01T00:00:00.000,2.716670,32.833330
Aztec,4913,2830,1938-01-01T00:00:00.000,36.800000,-108.000000
Bachmut,4917,18000,1814-01-01T00:00:00.000,48.600000,38.000000
Bahjoi,4922,10322,1934-01-01T00:00:00.000,28.483330,78.500000
Bald Mountain,4925,3700,1929-01-01T00:00:00.000,35.966670,-82.483330
Baldwyn,4926,345,1922-01-01T00:00:00.000,34.500000,-88.666670
Bali,4928,1000,1907-01-01T00:00:00.000,5.383330,16.383330
Ban Rong Du,4934,16700,1993-01-01T00:00:00.000,16.666670,101.183330
Bandong,4935,11500,1871-01-01T00:00:00.000,-6.916670,107.600000
Bansur,4936,15000,1892-01-01T00:00:00.000,27.700000,76.333330
Banswal,4937,14,1913-01-01T00:00:00.000,30.400000,78.200000
Banten,4938,629,1933-01-01T00:00:00.000,-6.333330,106.000000
Barbotan,4942,6400,1790-01-01T00:00:00.000,43.950000,-0.050000
Barcelona (stone),4944,,1704-01-01T00:00:00.000,41.366670,2.166670
Barea,4946,3200,1842-01-01T00:00:00.000,42.383330,-2.500000
Barnaul,4947,23.2,1904-01-01T00:00:00.000,52.733330,84.083330
Barntrup,4948,17,1886-01-01T00:00:00.000,52.000000,9.100000
Baroti,4949,4500,1910-01-01T00:00:00.000,31.616670,76.800000
Barwell,4954,44000,1965-01-01T00:00:00.000,52.565280,-1.339720
Bassikounou,44876,29560,2006-01-01T00:00:00.000,15.783330,-5.900000
Baszkówka,4957,15500,1994-01-01T00:00:00.000,52.033330,20.935830
Bath,4974,21000,1892-01-01T00:00:00.000,45.416670,-98.316670
Bath Furnace,4975,86000,1902-01-01T00:00:00.000,38.250000,-83.750000
Battle Mountain,56133,2900,2012-01-01T00:00:00.000,40.668130,-117.189130
Bawku,4976,1557,1989-01-01T00:00:00.000,11.083330,-0.183330
Baxter,4977,611,1916-01-01T00:00:00.000,36.750000,-93.500000
Beardsley,4984,16000,1929-01-01T00:00:00.000,39.800000,-101.200000
Beaver Creek,4986,14000,1893-01-01T00:00:00.000,51.166670,-117.333330
Beddgelert,4993,794,1949-01-01T00:00:00.000,53.016670,-4.100000
Bells,5005,375,1961-01-01T00:00:00.000,33.600000,-96.466670
Belville,5009,,1937-01-01T00:00:00.000,-32.333330,-64.866670
Benares (a),5011,3700,1798-01-01T00:00:00.000,25.366670,82.916670
Benguerir,30443,25000,2004-01-01T00:00:00.000,32.250000,-8.150000
Beni M'hira,5018,19000,2001-01-01T00:00:00.000,32.866670,10.800000
Benld,5021,1770.5,1938-01-01T00:00:00.000,39.083330,-89.150000
Benoni,5023,3880,1943-01-01T00:00:00.000,-26.166670,28.416670
Bensour,5024,45000,2002-01-01T00:00:00.000,30.000000,-7.000000
Benton,5026,2840,1949-01-01T00:00:00.000,45.950000,-67.550000
Berduc,48975,270,2008-01-01T00:00:00.000,-31.910000,-58.328330
Béréba,5028,18000,1924-01-01T00:00:00.000,11.650000,-3.650000
Berlanguillas,5029,1440,1811-01-01T00:00:00.000,41.683330,-3.800000
Berthoud,47355,960,2004-01-01T00:00:00.000,40.305830,-105.023250
Bethlehem,5032,13.9,1859-01-01T00:00:00.000,42.533330,-73.833330
Beuste,5034,2000,1859-01-01T00:00:00.000,43.216670,-0.233330
Beyrout,5035,1100,1921-01-01T00:00:00.000,33.883330,35.500000
Bhagur,5037,18,1877-01-01T00:00:00.000,20.883330,74.833330
Bhawad,36591,678,2002-01-01T00:00:00.000,26.508330,73.115280
Bherai,5039,100,1893-01-01T00:00:00.000,20.833330,71.466670
Bhola,5040,1047,1940-01-01T00:00:00.000,22.683330,90.650000
Bholghati,5041,2500,1905-01-01T00:00:00.000,22.083330,86.900000
Bialystok,5042,4000,1827-01-01T00:00:00.000,53.100000,23.200000
Bielokrynitschie,5043,1900,1887-01-01T00:00:00.000,50.133330,27.166670
Bilanga,5045,25000,1999-01-01T00:00:00.000,12.450000,-0.083330
Binningup,5051,488.1,1984-01-01T00:00:00.000,-33.156390,115.676390
Birni N'konni,5056,560,1923-01-01T00:00:00.000,13.766670,5.300000
Bishopville,5059,6000,1843-01-01T00:00:00.000,34.166670,-80.283330
Bishunpur,5060,1039,1895-01-01T00:00:00.000,25.383330,82.600000
Bjelaja Zerkov,5063,1850,1796-01-01T00:00:00.000,49.783330,30.166670
Bjurböle,5064,330000,1899-01-01T00:00:00.000,60.400000,25.800000
Black Moshannan Park,5065,705,1941-01-01T00:00:00.000,40.916670,-78.083330
Blackwell,5068,2381,1906-01-01T00:00:00.000,36.833330,-97.333330
Blanket,5071,5100,1909-01-01T00:00:00.000,31.833330,-98.833330
Blansko,5072,470,1833-01-01T00:00:00.000,49.366670,16.633330
Bloomington,5076,67.8,1938-01-01T00:00:00.000,40.480000,-89.004170
Bo Xian,5090,7500,1977-01-01T00:00:00.000,33.833330,115.833330
Bocas,5093,56,1804-01-01T00:00:00.000,23.000000,-102.000000
Bogou,5097,8800,1962-01-01T00:00:00.000,12.500000,0.700000
Boguslavka,5098,256000,1916-01-01T00:00:00.000,44.550000,131.633330
Borgo San Donino,5110,1676,1808-01-01T00:00:00.000,44.866670,10.050000
Bori,5111,8600,1894-01-01T00:00:00.000,21.950000,78.033330
Boriskino,5112,1342,1930-01-01T00:00:00.000,54.233330,52.483330
Borkut,5113,7000,1852-01-01T00:00:00.000,48.150000,24.283330
Borodino,5114,500,1812-01-01T00:00:00.000,55.466670,35.866670
Botschetschki,5117,614,1823-01-01T00:00:00.000,51.333330,33.883330
Boumdeid (2003),57168,190,2003-01-01T00:00:00.000,17.710670,-11.371500
Boumdeid (2011),57167,3599,2011-01-01T00:00:00.000,17.174930,-11.341330
Bovedy,5121,5460,1969-01-01T00:00:00.000,54.566670,-6.333330
Bradford Woods,5128,762,1886-01-01T00:00:00.000,40.500000,-80.083330
Braunau,5133,39000,1847-01-01T00:00:00.000,50.600000,16.300000
Breitscheid,5134,1500,1956-01-01T00:00:00.000,50.666940,8.183610
Bremervörde,5135,7250,1855-01-01T00:00:00.000,53.400000,9.100000
Brient,5140,219,1933-01-01T00:00:00.000,52.133330,59.316670
Bruderheim,5156,303000,1960-01-01T00:00:00.000,53.900000,-112.883330
Bukhara,30448,5300,2001-01-01T00:00:00.000,39.779780,64.600350
Bulls Run,5163,2250,1964-01-01T00:00:00.000,,
Bunburra Rockhole,48653,324,2007-01-01T00:00:00.000,-31.350000,129.190000
Bununu,5165,357,1942-01-01T00:00:00.000,10.016670,9.583330
Bur-Gheluai,5169,120000,1919-01-01T00:00:00.000,5.000000,48.000000
Burnwell,5175,1504,1990-01-01T00:00:00.000,37.621940,-82.237220
Bursa,5177,25000,1946-01-01T00:00:00.000,40.200000,29.233330
Buschhof,5178,5000,1863-01-01T00:00:00.000,46.450000,25.783330
Bustee,5181,1500,1852-01-01T00:00:00.000,26.783330,82.833330
Butsura,5183,29000,1861-01-01T00:00:00.000,27.083330,84.083330
Buzzard Coulee,48654,41000,2008-01-01T00:00:00.000,52.996000,-109.848170
Cabezo de Mayo,5185,25000,1870-01-01T00:00:00.000,37.983330,-1.166670
Cabin Creek,5186,48500,1886-01-01T00:00:00.000,35.500000,-93.500000
Cacak,5187,212,1919-01-01T00:00:00.000,43.838890,20.333330
Cali,45976,478,2007-01-01T00:00:00.000,3.405000,-76.510000
Calivo,5200,2400,1916-01-01T00:00:00.000,11.750000,122.333330
Campos Sales,5249,23680,1991-01-01T00:00:00.000,-7.033330,-40.166670
Çanakkale,5250,4000,1964-01-01T00:00:00.000,39.800000,26.600000
Cañellas,5251,945,1861-01-01T00:00:00.000,41.250000,1.666670
Cangas de Onis,5252,34000,1866-01-01T00:00:00.000,43.383330,-5.150000
Canon City,5253,1400,1973-01-01T00:00:00.000,38.470280,-105.241390
Cape Girardeau,5260,2300,1846-01-01T00:00:00.000,37.266670,-89.583330
Capilla del Monte,5264,750,1934-01-01T00:00:00.000,-30.883330,-64.550000
Carancas,45817,342,2007-01-01T00:00:00.000,-16.664440,-69.043890
Caratash,5265,8,1902-01-01T00:00:00.000,38.500000,27.000000
Castalia,5291,7300,1874-01-01T00:00:00.000,36.083330,-78.066670
Castel Berardenga,5292,,1791-01-01T00:00:00.000,43.350000,11.500000
Castine,5293,94,1848-01-01T00:00:00.000,44.383330,-68.750000
Castrovillari,5295,15000,1583-01-01T00:00:00.000,39.800000,16.200000
Caswell County,5296,1360,1810-01-01T00:00:00.000,36.500000,-79.250000
Ceniceros,5306,1025,1988-01-01T00:00:00.000,26.466670,-105.233330
Centerville,5307,45.6,1956-01-01T00:00:00.000,43.200000,-96.916670
Cereseto,5308,6460,1840-01-01T00:00:00.000,45.083330,8.300000
Chadong,5313,3700,1998-01-01T00:00:00.000,28.533330,109.316670
Chail,5314,0.5,1814-01-01T00:00:00.000,25.366670,81.666670
Chainpur,5315,8200,1907-01-01T00:00:00.000,25.850000,83.483330
Chajari,5316,18300,1933-01-01T00:00:00.000,-30.783330,-58.050000
Chandakapur,5320,8800,1838-01-01T00:00:00.000,20.266670,76.016670
Chandpur,5321,1100,1885-01-01T00:00:00.000,27.283330,79.050000
Changde,5322,1810,1977-01-01T00:00:00.000,29.083330,111.750000
Chantonnay,5325,31500,1812-01-01T00:00:00.000,46.683330,1.050000
Charlotte,5328,4300,1835-01-01T00:00:00.000,36.166670,-87.333330
Charsonville,5329,27000,1810-01-01T00:00:00.000,47.933330,1.566670
Charwallas,5330,12000,1834-01-01T00:00:00.000,29.483330,75.500000
Chassigny,5331,4000,1815-01-01T00:00:00.000,47.716670,5.366670
Château-Renard,5332,30000,1841-01-01T00:00:00.000,47.933330,2.916670
Chaves,5334,2945,1925-01-01T00:00:00.000,41.933330,-7.466670
Chela,5338,2936,1988-01-01T00:00:00.000,-3.666670,32.500000
Chelyabinsk,57165,100000,2013-01-01T00:00:00.000,54.816670,61.116670
Chergach ,47347,100000,2007-01-01T00:00:00.000,23.696390,-5.014720
Chernyi Bor,5339,6000,1964-01-01T00:00:00.000,53.700000,30.100000
Cherokee Springs,5340,8400,1933-01-01T00:00:00.000,35.033330,-81.883330
Chervettaz,5341,705,1901-01-01T00:00:00.000,46.550000,6.816670
Chervony Kut,5342,1700,1939-01-01T00:00:00.000,50.833330,34.000000
Chetrinahatti,5344,72,1880-01-01T00:00:00.000,14.500000,76.500000
Chiang Khan,5345,367,1981-01-01T00:00:00.000,17.900000,101.633330
Chicora,5349,303,1938-01-01T00:00:00.000,40.933330,-79.733330
Chisenga,5355,3920,1988-01-01T00:00:00.000,-10.059440,33.395000
Chitado,5356,,1966-01-01T00:00:00.000,-17.350000,13.966670
Chitenay,5357,4000,1978-01-01T00:00:00.000,47.470830,0.976670
Cilimus,5364,1600,1979-01-01T00:00:00.000,-6.950000,108.100000
Claxton,5374,1455,1984-01-01T00:00:00.000,32.102500,-81.872780
Clohars,5383,48.6,1822-01-01T00:00:00.000,,
Colby (Wisconsin),5395,104000,1917-01-01T00:00:00.000,44.900000,-90.283330
Cold Bokkeveld,5397,5200,1838-01-01T00:00:00.000,-33.133330,19.383330
Coleman,5401,469,1994-01-01T00:00:00.000,43.761110,-84.507780
Collescipoli,5403,5000,1890-01-01T00:00:00.000,42.533330,12.616670
Conquista,5418,20350,1965-01-01T00:00:00.000,-19.850000,-47.550000
Cosina,5451,1200,1844-01-01T00:00:00.000,21.166670,-100.866670
Cranganore,5465,1460,1917-01-01T00:00:00.000,10.200000,76.266670
Crescent,5470,78.400000000000006,1936-01-01T00:00:00.000,35.950000,-97.583330
Cronstad,5474,3650,1877-01-01T00:00:00.000,-27.700000,27.300000
Cross Roads,5476,167,1892-01-01T00:00:00.000,35.633330,-78.133330
Crumlin,5477,4255,1902-01-01T00:00:00.000,54.616670,-6.216670
Cumberland Falls,5496,17000,1919-01-01T00:00:00.000,36.833330,-84.350000
Cynthiana,5500,6000,1877-01-01T00:00:00.000,38.400000,-84.250000
Dahmani,5504,18000,1981-01-01T00:00:00.000,35.616670,8.833330
Dandapur,5511,5650,1878-01-01T00:00:00.000,26.916670,83.966670
Daniel's Kuil,5513,1064,1868-01-01T00:00:00.000,-28.200000,24.566670
Danville,5514,2000,1868-01-01T00:00:00.000,34.400000,-87.066670
Darmstadt,6603,100,1804-01-01T00:00:00.000,49.866670,8.650000
Dashoguz,6604,7000,1998-01-01T00:00:00.000,41.984440,59.685000
Daule,51559,6580,2008-01-01T00:00:00.000,-1.870890,-79.957560
De Cewsville,6621,340,1887-01-01T00:00:00.000,43.000000,-80.000000
Deal,6634,28,1829-01-01T00:00:00.000,40.250000,-74.000000
Delhi,6642,0.8,1897-01-01T00:00:00.000,28.566670,77.250000
Demina,6649,16400,1911-01-01T00:00:00.000,51.466670,84.766670
Denver,6660,230,1967-01-01T00:00:00.000,39.782500,-104.930560
Dergaon,6664,12500,2001-01-01T00:00:00.000,26.683330,93.866670
Desuri,6693,25400,1962-01-01T00:00:00.000,25.733330,73.616670
Devgaon,6694,12000,2001-01-01T00:00:00.000,19.000000,81.000000
Devri-Khera,6696,1140,1994-01-01T00:00:00.000,24.225000,76.525000
Dhajala,6698,45000,1976-01-01T00:00:00.000,22.377780,71.427220
Dharwar,6699,1800,1848-01-01T00:00:00.000,14.883330,75.600000
Dhurmsala,7640,32000,1860-01-01T00:00:00.000,32.233330,76.466670
Didim,47350,3396,2007-01-01T00:00:00.000,37.351720,27.329970
Diep River,7642,1000,1906-01-01T00:00:00.000,-33.750000,18.566670
Distrito Quebracho,7649,400,1957-01-01T00:00:00.000,-31.883330,-60.466670
Djati-Pengilon,7652,166000,1884-01-01T00:00:00.000,-7.500000,111.500000
Djermaia,7656,3950,1961-01-01T00:00:00.000,12.733330,15.050000
Djoumine,7657,10000,1999-01-01T00:00:00.000,36.950000,9.550000
Dokachi,7658,3840,1903-01-01T00:00:00.000,23.500000,90.333330
Dolgovoli,7659,1600,1864-01-01T00:00:00.000,50.750000,25.300000
Domanitch,7661,438,1907-01-01T00:00:00.000,40.000000,29.000000
Dong Ujimqin Qi,7706,128800,1995-01-01T00:00:00.000,45.500000,119.033330
Donga Kohrod,7707,230,1899-01-01T00:00:00.000,21.866670,82.450000
Dongtai,7708,5500,1970-01-01T00:00:00.000,32.916670,120.783330
Doroninsk,7718,3891,1805-01-01T00:00:00.000,51.200000,112.300000
Dosso,7722,1250,1962-01-01T00:00:00.000,13.050000,3.166670
Douar Mghila,7723,1161,1932-01-01T00:00:00.000,32.333330,-6.300000
Dowa,7725,642,1976-01-01T00:00:00.000,-13.666670,33.916670
Drake Creek,7728,5000,1827-01-01T00:00:00.000,36.400000,-86.500000
Dresden (Ontario),7731,47700,1939-01-01T00:00:00.000,42.520000,-82.260000
Dubrovnik,7736,1900,1951-01-01T00:00:00.000,42.458330,18.441670
Dunbogan,7743,30,1999-01-01T00:00:00.000,-31.666670,152.833330
Dundrum,7745,2270,1865-01-01T00:00:00.000,52.550000,-8.033330
Dunhua,7749,,1976-01-01T00:00:00.000,43.333330,128.250000
Durala,7750,13200,1815-01-01T00:00:00.000,30.300000,76.633330
Duruma,7752,577,1853-01-01T00:00:00.000,-4.000000,39.500000
Duwun,7754,2117,1943-01-01T00:00:00.000,33.433330,127.266670
Dwaleni,7755,3230,1970-01-01T00:00:00.000,-27.200000,31.316670
Dyalpur,7757,300,1872-01-01T00:00:00.000,26.250000,82.000000
Dyarrl Island,7758,188,1933-01-01T00:00:00.000,-3.000000,151.000000
Eagle,7760,10000,1947-01-01T00:00:00.000,40.781670,-96.471670
Ehole,7774,2400,1961-01-01T00:00:00.000,-17.300000,15.833330
Eichstädt,7775,3000,1785-01-01T00:00:00.000,48.900000,11.216670
Ekeby,7776,3336,1939-01-01T00:00:00.000,56.033330,13.000000
Ekh Khera,7777,840,1916-01-01T00:00:00.000,28.266670,78.783330
El Idrissia,7807,10000,1989-01-01T00:00:00.000,34.416670,3.250000
El Paso de Aguila,45977,17226,1977-01-01T00:00:00.000,25.370000,-97.370000
El Tigre,7819,5000,1993-01-01T00:00:00.000,19.967220,-103.051670
Elbert,7822,680.5,1998-01-01T00:00:00.000,39.246670,-104.588170
Elbogen,7823,107000,1400-01-01T00:00:00.000,50.183330,12.733330
Elenovka,7824,54640,1951-01-01T00:00:00.000,47.833330,37.666670
Ellemeet,10019,1470,1925-01-01T00:00:00.000,51.750000,4.000000
Emmaville,10033,127,1900-01-01T00:00:00.000,-29.466670,151.616670
Enshi,10038,8000,1974-01-01T00:00:00.000,30.300000,109.500000
Ensisheim,10039,127000,1492-01-01T00:00:00.000,47.866670,7.350000
Épinal,10041,277,1822-01-01T00:00:00.000,48.183330,6.466670
Erakot,10042,113,1940-01-01T00:00:00.000,19.033330,81.891670
Erevan,10043,107.2,1911-01-01T00:00:00.000,40.300000,44.500000
Ergheo,10044,20000,1889-01-01T00:00:00.000,1.166670,44.166670
Erxleben,10049,2250,1812-01-01T00:00:00.000,52.216670,11.250000
Esnandes,10051,1500,1837-01-01T00:00:00.000,46.250000,-1.100000
Essebi,10055,500,1957-01-01T00:00:00.000,2.883330,30.833330
Estherville,10059,320000,1879-01-01T00:00:00.000,43.416670,-94.833330
Farmington,10074,89400,1890-01-01T00:00:00.000,39.750000,-97.033330
Farmville,10075,56000,1934-01-01T00:00:00.000,35.550000,-77.533330
Favars,10078,1500,1844-01-01T00:00:00.000,44.383330,2.816670
Fayetteville,10079,2360,1934-01-01T00:00:00.000,36.050000,-94.166670
Feid Chair,10080,380,1875-01-01T00:00:00.000,36.883330,8.450000
Felix,10081,3200,1900-01-01T00:00:00.000,32.533330,-87.166670
Fenghsien-Ku,10086,82,1924-01-01T00:00:00.000,34.600000,116.750000
Ferguson,10088,220,1889-01-01T00:00:00.000,36.100000,-81.416670
Fermo,10091,10200,1996-01-01T00:00:00.000,43.181110,13.753330
Fisher,10107,17600,1894-01-01T00:00:00.000,47.816670,-96.850000
Florence,10111,3640,1922-01-01T00:00:00.000,30.833330,-97.766670
Forest City,10119,152000,1890-01-01T00:00:00.000,43.250000,-93.666670
Forest Vale,10120,26000,1942-01-01T00:00:00.000,-33.350000,146.858330
Forksville,10123,6067,1924-01-01T00:00:00.000,36.783330,-78.083330
Forsbach,10163,240,1900-01-01T00:00:00.000,50.950000,7.316670
Forsyth,10164,16300,1829-01-01T00:00:00.000,33.016670,-83.966670
Fort Flatters,10166,,1944-01-01T00:00:00.000,28.250000,7.000000
Frankfort (stone),10177,650,1868-01-01T00:00:00.000,34.483330,-87.833330
Fuhe,52412,23000,1945-01-01T00:00:00.000,31.475560,113.566940
Fukutomi,10836,11620,1882-01-01T00:00:00.000,33.183330,130.200000
Fünen,10838,,1654-01-01T00:00:00.000,55.333330,10.333330
Futtehpur,10839,4000,1822-01-01T00:00:00.000,25.950000,80.816670
Fuyang,10840,2500,1977-01-01T00:00:00.000,32.900000,115.900000
Galapian,10846,132.69999999999999,1826-01-01T00:00:00.000,44.300000,0.400000
Galim (a),10848,36.1,1952-01-01T00:00:00.000,7.050000,12.433330
Galim (b),10849,28,1952-01-01T00:00:00.000,7.050000,12.433330
Galkiv,10850,5000,1995-01-01T00:00:00.000,51.683330,30.783330
Gambat,10851,6400,1897-01-01T00:00:00.000,27.350000,68.533330
Gao-Guenie,10854,,1960-01-01T00:00:00.000,11.650000,-2.183330
Garhi Yasin,10860,380,1917-01-01T00:00:00.000,27.883330,68.533330
Garland,10861,102,1950-01-01T00:00:00.000,41.683330,-112.133330
Gashua,44882,4162,1984-01-01T00:00:00.000,12.850000,11.033330
Gasseltepaoua,10866,,2000-01-01T00:00:00.000,14.150830,-2.041670
Geidam,10870,725,1950-01-01T00:00:00.000,12.916670,11.916670
Gifu,10914,14290,1909-01-01T00:00:00.000,35.533330,136.883330
Girgenti,10917,18000,1853-01-01T00:00:00.000,37.316670,13.566670
Git-Git,10919,480,1947-01-01T00:00:00.000,9.600000,9.916670
Glanerbrug,10923,670,1990-01-01T00:00:00.000,52.200000,6.866670
Glanggang,10924,1303,1939-01-01T00:00:00.000,-7.250000,107.700000
Glasatovo,10926,152000,1918-01-01T00:00:00.000,57.350000,37.616670
Glatton,10930,767,1991-01-01T00:00:00.000,52.459720,-0.300000
Gnadenfrei,10936,1750,1879-01-01T00:00:00.000,50.666670,16.766670
Gopalpur,10948,1600,1865-01-01T00:00:00.000,24.233330,89.050000
Gorlovka,10949,3618,1974-01-01T00:00:00.000,48.283330,38.083330
Granes,10956,9000,1964-01-01T00:00:00.000,42.900000,2.250000
Grefsheim,11196,45.5,1976-01-01T00:00:00.000,60.666670,11.000000
Grimsby,50911,215,2009-01-01T00:00:00.000,43.200000,-79.616670
Grosnaja,11206,3500,1861-01-01T00:00:00.000,43.666670,45.383330
Gross-Divina,11207,10500,1837-01-01T00:00:00.000,49.266670,18.716670
Grossliebenthal,11208,8000,1881-01-01T00:00:00.000,46.350000,30.583330
Grüneberg,11426,1000,1841-01-01T00:00:00.000,51.933330,15.500000
Grzempach,11429,690,1910-01-01T00:00:00.000,52.866670,16.633330
Gualeguaychú,11432,22000,1932-01-01T00:00:00.000,-33.000000,-58.616670
Guangmingshan,11435,2910,1996-01-01T00:00:00.000,39.804170,122.763890
Guangnan,11436,,1983-01-01T00:00:00.000,24.100000,105.000000
Guangrao,11437,1900,1980-01-01T00:00:00.000,37.100000,118.400000
Guareña,11439,39000,1892-01-01T00:00:00.000,38.733330,-6.016670
Guêa,11440,1915,1891-01-01T00:00:00.000,43.766670,20.233330
Guibga,11442,288,1972-01-01T00:00:00.000,13.500000,-0.683330
Guidder,11443,968,1949-01-01T00:00:00.000,9.916670,13.983330
Gujargaon,11448,2449,1982-01-01T00:00:00.000,22.983330,76.050000
Gujba,11449,100000,1984-01-01T00:00:00.000,11.491670,11.658330
Gumoschnik,11450,5700,1904-01-01T00:00:00.000,42.900000,24.700000
Gurram Konda,11464,28,1814-01-01T00:00:00.000,13.783330,78.566670
Gursum,11465,34650,1981-01-01T00:00:00.000,9.366670,42.416670
Gütersloh,11466,1000,1851-01-01T00:00:00.000,51.916670,8.383330
Gyokukei,11467,1320,1930-01-01T00:00:00.000,35.000000,127.500000
Hachi-oji,11468,0.2,1817-01-01T00:00:00.000,35.650000,139.333330
Hainaut,11472,9000,1934-01-01T00:00:00.000,50.316670,3.733330
Hallingeberg,11479,1456,1944-01-01T00:00:00.000,57.816670,16.233330
Hamlet,11485,3710,1959-01-01T00:00:00.000,41.383330,-86.600000
Haraiya,11824,1000,1878-01-01T00:00:00.000,26.800000,82.533330
Haripura,11829,315,1921-01-01T00:00:00.000,28.383330,75.783330
Harleton,11830,8360,1961-01-01T00:00:00.000,32.675000,-94.511670
Harrison County,11842,680,1859-01-01T00:00:00.000,38.250000,-86.166670
Hashima,11848,1110.5999999999999,1910-01-01T00:00:00.000,35.294500,136.700330
Hassi-Jekna,11852,1250,1890-01-01T00:00:00.000,28.950000,0.816670
Hatford,11855,29000,1628-01-01T00:00:00.000,51.650000,-1.516670
Haverö,11859,1544,1971-01-01T00:00:00.000,60.245560,22.061940
Hedeskoga,11869,3500,1922-01-01T00:00:00.000,55.466670,13.783330
Hedjaz,11870,6100,1910-01-01T00:00:00.000,27.333330,35.666670
Heredia,11875,1000,1857-01-01T00:00:00.000,10.000000,-84.100000
Hessle,11878,20000,1869-01-01T00:00:00.000,59.850000,17.666670
Higashi-koen,11883,750,1897-01-01T00:00:00.000,33.600000,130.433330
High Possil,11884,4500,1804-01-01T00:00:00.000,55.900000,-4.233330
Hiroshima,11889,414,2003-01-01T00:00:00.000,34.450000,132.383330
Hoima,44714,167.7,2003-01-01T00:00:00.000,1.345000,31.472780
Hökmark,11893,305.5,1954-01-01T00:00:00.000,64.433330,21.200000
Holbrook,11894,220000,1912-01-01T00:00:00.000,34.900000,-110.183330
Holetta,11895,1415,1923-01-01T00:00:00.000,9.066670,38.416670
Homestead,11901,230000,1875-01-01T00:00:00.000,41.800000,-91.866670
Honolulu,11904,2420,1825-01-01T00:00:00.000,21.300000,-157.866670
Hotse,11913,180,1956-01-01T00:00:00.000,35.666670,115.500000
Hoxie,11915,266.10000000000002,1963-01-01T00:00:00.000,39.350000,-100.450000
Hraschina,11916,49000,1751-01-01T00:00:00.000,46.100000,16.333330
Huaxi,54719,1600,2010-01-01T00:00:00.000,26.464690,106.632410
Hungen,11986,112,1877-01-01T00:00:00.000,50.300000,8.916670
Hvittis,11989,14000,1901-01-01T00:00:00.000,61.183330,22.683330
Ibbenbüren,11992,2000,1870-01-01T00:00:00.000,52.283330,7.700000
Ibitira,11993,2500,1957-01-01T00:00:00.000,-20.000000,-45.000000
Ibrisim,11994,,1949-01-01T00:00:00.000,38.000000,35.000000
Ichkala,11995,3973,1936-01-01T00:00:00.000,58.200000,82.933330
Idutywa,12000,3457,1956-01-01T00:00:00.000,-32.100000,28.333330
Iguaracu,12003,1200,1977-01-01T00:00:00.000,-23.200000,-51.833330
Ijopega,12004,7330,1975-01-01T00:00:00.000,-6.033330,145.366670
Indarch,12027,27000,1891-01-01T00:00:00.000,39.750000,46.666670
Independence,12028,880,1917-01-01T00:00:00.000,39.083330,-94.400000
Inner Mongolia,12037,3000,1963-01-01T00:00:00.000,41.000000,112.000000
Innisfree,12039,4576,1977-01-01T00:00:00.000,53.415000,-111.337500
Ipiranga,12043,7000,1972-01-01T00:00:00.000,-25.500000,-54.500000
Ishinga,12049,1300,1954-01-01T00:00:00.000,-8.933330,33.800000
Isthilart,12053,3050,1928-01-01T00:00:00.000,-31.183330,-57.950000
Itapicuru-Mirim,12056,2024,1879-01-01T00:00:00.000,-3.400000,-44.333330
Itqiy,12058,4720,1990-01-01T00:00:00.000,26.590830,-12.952170
Ivuna,12063,704.5,1938-01-01T00:00:00.000,-8.416670,32.433330
Jackalsfontein,12065,48000,1903-01-01T00:00:00.000,-32.500000,21.900000
Jajh deh Kot Lalu,12067,973,1926-01-01T00:00:00.000,26.750000,68.416670
Jalanash,12068,700,1990-01-01T00:00:00.000,,
Jalandhar,12069,1967,1621-01-01T00:00:00.000,31.000000,75.000000
Jamkheir,12072,22,1866-01-01T00:00:00.000,18.750000,75.333330
Jartai,12074,20500,1979-01-01T00:00:00.000,39.700000,105.800000
Jelica,12078,34000,1889-01-01T00:00:00.000,43.833330,20.441670
Jemlapur,12079,450,1901-01-01T00:00:00.000,,
Jesenice,51589,3667,2009-01-01T00:00:00.000,46.421370,14.052170
Jhung,12085,5900,1873-01-01T00:00:00.000,31.300000,72.383330
Jiange,12086,222,1964-01-01T00:00:00.000,31.916670,104.916670
Jianshi,12087,600000,1890-01-01T00:00:00.000,30.808330,109.500000
Jilin,12171,4000000,1976-01-01T00:00:00.000,44.050000,126.166670
Jodiya,47362,100,2006-01-01T00:00:00.000,22.680000,70.313330
Jodzie,12173,30,1877-01-01T00:00:00.000,55.700000,24.400000
Johnstown,12198,40300,1924-01-01T00:00:00.000,40.350000,-104.900000
Jolomba,12199,483,1974-01-01T00:00:00.000,-11.850000,15.833330
Jonzac,12202,5000,1819-01-01T00:00:00.000,45.433330,-0.450000
Juancheng,12203,100000,1997-01-01T00:00:00.000,35.500000,115.416670
Judesegeri,12207,680,1876-01-01T00:00:00.000,12.850000,76.800000
Jumapalo,12209,32490,1984-01-01T00:00:00.000,-7.716670,111.200000
Junan,12210,950,1976-01-01T00:00:00.000,35.200000,118.800000
Juromenha,12213,25250,1968-01-01T00:00:00.000,38.740280,-7.270000
Juvinas,12214,91000,1821-01-01T00:00:00.000,44.716670,4.300000
Kaba,12218,3000,1857-01-01T00:00:00.000,47.350000,21.300000
Kabo,12220,13400,1971-01-01T00:00:00.000,11.850000,8.216670
Kadonah,12221,89,1822-01-01T00:00:00.000,27.083330,78.333330
Kaee,12222,230,1838-01-01T00:00:00.000,27.250000,79.966670
Kagarlyk,12227,1900,1908-01-01T00:00:00.000,49.866670,30.833330
Kaidun,12228,2000,1980-01-01T00:00:00.000,15.000000,48.300000
Kainsaz,12229,200000,1937-01-01T00:00:00.000,55.433330,53.250000
Kakangari,12230,350,1890-01-01T00:00:00.000,12.383330,78.516670
Kakowa,12231,577,1858-01-01T00:00:00.000,45.133330,21.666670
Kalaba,12232,950,1951-01-01T00:00:00.000,-6.833330,29.500000
Kalumbi,12236,4500,1879-01-01T00:00:00.000,17.833330,73.983330
Kamalpur,12238,2770,1942-01-01T00:00:00.000,26.033330,81.466670
Kamiomi,12240,448,1913-01-01T00:00:00.000,36.041670,139.956670
Kamsagar,12241,1293,1902-01-01T00:00:00.000,14.183330,75.800000
Kandahar (Afghanistan),12243,299,1959-01-01T00:00:00.000,31.600000,65.783330
Kangean,12245,1630,1908-01-01T00:00:00.000,-7.000000,115.500000
Kangra Valley,12246,400,1897-01-01T00:00:00.000,32.083330,76.300000
Kapoeta,12251,11355,1942-01-01T00:00:00.000,4.700000,33.633330
Kaprada,47357,1600,2004-01-01T00:00:00.000,20.339160,73.223290
Kaptal-Aryk,12253,3500,1937-01-01T00:00:00.000,42.450000,73.366670
Karakol,12256,3000,1840-01-01T00:00:00.000,47.216670,81.016670
Karatu,12258,2220,1963-01-01T00:00:00.000,-3.500000,35.583330
Karewar,12260,180,1949-01-01T00:00:00.000,12.900000,7.150000
Karkh,12262,22000,1905-01-01T00:00:00.000,27.800000,67.166670
Karloowala,12263,2950,1955-01-01T00:00:00.000,31.583330,71.600000
Karoonda,12264,41730,1930-01-01T00:00:00.000,-35.083330,139.916670
Kasamatsu,12266,710,1938-01-01T00:00:00.000,35.366670,136.766670
Kasauli,30740,16820,2003-01-01T00:00:00.000,29.583330,77.583330
Katagum,35465,1500,1999-01-01T00:00:00.000,11.333330,10.083330
Kavarpura,47351,6800,2006-01-01T00:00:00.000,25.143330,75.813330
Kayakent,12268,85000,1961-01-01T00:00:00.000,39.263330,31.780000
Kediri,12270,3300,1940-01-01T00:00:00.000,-7.750000,112.016670
Kemer,53654,5760,2008-01-01T00:00:00.000,36.541940,29.418220
Kendleton,12275,6937,1939-01-01T00:00:00.000,29.450000,-96.000000
Kendrapara,12276,6669.2,2003-01-01T00:00:00.000,20.462500,86.702780
Kerilis,12282,5000,1874-01-01T00:00:00.000,48.400000,-3.300000
Kernouve,12284,80000,1869-01-01T00:00:00.000,48.116670,-3.083330
Kesen,12286,135000,1850-01-01T00:00:00.000,38.983330,141.616670
Khairpur,12288,13600,1873-01-01T00:00:00.000,29.533330,72.300000
Khanpur,12289,3698,1932-01-01T00:00:00.000,25.550000,83.116670
Kharkov,12291,1500,1787-01-01T00:00:00.000,50.625000,35.075000
Kheragur,12294,450,1860-01-01T00:00:00.000,26.950000,77.883330
Khetri,12296,100,1867-01-01T00:00:00.000,28.016670,75.816670
Khmelevka,12297,6109,1929-01-01T00:00:00.000,56.750000,75.333330
Khohar,12298,9700,1910-01-01T00:00:00.000,25.100000,81.533330
Khor Temiki,12299,3200,1932-01-01T00:00:00.000,16.000000,36.000000
Kidairat,12300,100000,1983-01-01T00:00:00.000,14.000000,28.000000
Kiel,12301,737.6,1962-01-01T00:00:00.000,54.400000,10.150000
Kiffa,12303,1500,1970-01-01T00:00:00.000,16.583330,-11.333330
Kijima (1906),12305,331,1906-01-01T00:00:00.000,36.850000,138.383330
Kikino,12306,195,1809-01-01T00:00:00.000,55.000000,34.000000
Kilabo,12307,19000,2002-01-01T00:00:00.000,12.766670,9.800000
Kilbourn,12308,772,1911-01-01T00:00:00.000,43.583330,-89.600000
Killeter,12309,140,1844-01-01T00:00:00.000,54.666670,-7.666670
Kingai,12316,67.400000000000006,1967-01-01T00:00:00.000,11.633330,24.683330
Kirbyville,12321,97.7,1906-01-01T00:00:00.000,30.750000,-95.950000
Kisvarsány,12325,1550,1914-01-01T00:00:00.000,48.166670,22.308330
Kitchener,12326,202.6,1998-01-01T00:00:00.000,43.383330,-80.383330
Klein-Wenden,12332,3250,1843-01-01T00:00:00.000,51.600000,10.800000
Knyahinya,12335,500000,1866-01-01T00:00:00.000,48.900000,22.400000
Kobe,12336,136,1999-01-01T00:00:00.000,34.733330,135.166670
Kokubunji,12342,11510,1986-01-01T00:00:00.000,34.300000,133.950000
Komagome,12343,238,1926-01-01T00:00:00.000,35.733330,139.750000
Konovo,12344,90,1931-01-01T00:00:00.000,42.516670,26.166670
Košice,53810,4300,2010-01-01T00:00:00.000,48.763670,21.176330
Krähenberg,12353,16500,1869-01-01T00:00:00.000,49.326940,7.464720
Krasnoi-Ugol,12355,2440,1829-01-01T00:00:00.000,54.033330,40.900000
Krasnyi Klyuch,12357,4000,1946-01-01T00:00:00.000,54.333330,56.083330
Krutikha,12363,845.2,1906-01-01T00:00:00.000,56.800000,77.000000
Krymka,12364,50000,1946-01-01T00:00:00.000,47.833330,30.766670
Kukschin,12368,2250,1938-01-01T00:00:00.000,51.150000,31.700000
Kulak,12369,453.6,1961-01-01T00:00:00.000,30.731110,66.802220
Kuleschovka,12370,6000,1811-01-01T00:00:00.000,50.750000,33.500000
Kulp,12373,3719,1906-01-01T00:00:00.000,41.116670,45.000000
Kunashak,12377,200000,1949-01-01T00:00:00.000,55.783330,61.366670
Kunya-Urgench,12379,1100000,1998-01-01T00:00:00.000,42.250000,59.200000
Kushiike,12381,4460,1920-01-01T00:00:00.000,37.050000,138.383330
Kusiali,12382,5,1860-01-01T00:00:00.000,29.683330,78.383330
Kutais,12383,23,1977-01-01T00:00:00.000,44.516670,39.300000
Kuttippuram,12384,45000,1914-01-01T00:00:00.000,10.833330,76.033330
Kuznetzovo,12385,4047,1932-01-01T00:00:00.000,55.200000,75.333330
Kyushu,12390,45000,1886-01-01T00:00:00.000,32.033330,130.633330
La Bécasse,12392,2800,1879-01-01T00:00:00.000,47.083330,1.750000
La Charca,12394,399,1878-01-01T00:00:00.000,20.666670,-101.283330
La Colina,12395,2000,1924-01-01T00:00:00.000,-37.333330,-61.533330
La Criolla,12396,45000,1985-01-01T00:00:00.000,-31.233330,-58.166670
Laborel,12408,3833,1871-01-01T00:00:00.000,44.283330,5.583330
Lahrauli,12433,900,1955-01-01T00:00:00.000,26.783330,82.716670
L'Aigle,12434,37000,1803-01-01T00:00:00.000,48.766670,0.633330
Cumulus Hills 04075,32531,9.6,2003-01-01T00:00:00.000,,
Lakangaon,12435,212.5,1910-01-01T00:00:00.000,21.866670,76.033330
Lalitpur,12451,372,1887-01-01T00:00:00.000,24.450000,78.566670
Lancé,12455,51700,1872-01-01T00:00:00.000,47.700000,1.066670
Lancon,12456,7000,1897-01-01T00:00:00.000,43.750000,5.116670
Långhalsen,12461,2300,1947-01-01T00:00:00.000,58.850000,16.733330
Lanxi,12464,1282,1986-01-01T00:00:00.000,46.241670,126.196110
Lanzenkirchen,12465,7000,1925-01-01T00:00:00.000,47.750000,16.233330
Laochenzhen,12466,14250,1987-01-01T00:00:00.000,33.133330,115.166670
Launton,12740,1060,1830-01-01T00:00:00.000,51.900000,-1.116670
Lavrentievka,12743,800,1938-01-01T00:00:00.000,52.450000,51.566670
Le Pressoir,12748,3000,1845-01-01T00:00:00.000,47.166670,0.433330
Le Teilleul,12749,780,1845-01-01T00:00:00.000,48.533330,-0.866670
Leedey,12755,51500,1943-01-01T00:00:00.000,35.883330,-99.333330
Leeuwfontein,12756,460,1912-01-01T00:00:00.000,-25.666670,28.366670
Leighlinbridge,12759,271.39999999999998,1999-01-01T00:00:00.000,52.666670,-6.966670
Leighton,12760,877,1907-01-01T00:00:00.000,34.583330,-87.500000
Leonovka,12765,700,1900-01-01T00:00:00.000,52.266670,32.850000
Les Ormes,12769,125,1857-01-01T00:00:00.000,48.350000,3.250000
Lesves,12772,2000,1896-01-01T00:00:00.000,50.366670,4.733330
Lichtenberg,14646,4000,1973-01-01T00:00:00.000,-26.150000,26.183330
Lillaverke,14650,6862,1930-01-01T00:00:00.000,56.650000,15.866670
Limerick,14652,50000,1813-01-01T00:00:00.000,52.566670,-8.783330
Linum,14655,1862,1854-01-01T00:00:00.000,52.750000,12.900000
Lishui,14659,498,1978-01-01T00:00:00.000,31.633330,118.983330
Lissa,14661,12800,1808-01-01T00:00:00.000,50.200000,14.850000
Little Piney,14664,491,1839-01-01T00:00:00.000,37.916670,-92.083330
Lixna,14670,5213,1820-01-01T00:00:00.000,56.000000,26.433330
Lodran,14675,1000,1868-01-01T00:00:00.000,29.533330,71.800000
Lohawat,14678,40000,1994-01-01T00:00:00.000,26.965560,72.626670
Lorton,52843,329.7,2010-01-01T00:00:00.000,38.700660,-77.211630
Los Martinez,14708,25,1894-01-01T00:00:00.000,38.000000,-0.833330
Lost City,14711,17000,1970-01-01T00:00:00.000,36.008330,-95.150000
Louisville,14716,1300,1977-01-01T00:00:00.000,38.250000,-85.750000
Łowicz,14718,59000,1935-01-01T00:00:00.000,52.000000,19.916670
Lua,14721,9241,1926-01-01T00:00:00.000,24.950000,75.150000
Lucé,14724,3500,1768-01-01T00:00:00.000,47.850000,0.483330
Lumpkin,14753,340,1869-01-01T00:00:00.000,32.033330,-84.766670
Lunan,14754,2520,1980-01-01T00:00:00.000,24.800000,103.300000
Lundsgård,14755,11000,1889-01-01T00:00:00.000,56.216670,13.033330
Luotolax,14756,885,1813-01-01T00:00:00.000,61.200000,27.700000
Luponnas,14757,14000,1753-01-01T00:00:00.000,46.216670,5.000000
Lusaka,14759,,1951-01-01T00:00:00.000,-7.216670,29.433330
Mabwe-Khoywa,14764,540,1937-01-01T00:00:00.000,19.000000,97.000000
Macau,15370,1500,1836-01-01T00:00:00.000,-5.200000,-36.666670
Machinga,15371,93200,1981-01-01T00:00:00.000,-15.212220,35.242220
Macibini,15372,1995,1936-01-01T00:00:00.000,-28.833330,31.950000
Madhipura,15379,1000,1950-01-01T00:00:00.000,25.916670,86.366670
Madiun,15380,400,1935-01-01T00:00:00.000,-7.750000,111.533330
Madrid,15382,400,1896-01-01T00:00:00.000,40.416670,-3.716670
Mafra,15383,600,1941-01-01T00:00:00.000,-26.166670,-49.933330
Magnesia,15386,5000,1899-01-01T00:00:00.000,37.866670,27.516670
Magombedze,15387,666.6,1990-01-01T00:00:00.000,-19.483330,31.650000
Mahadevpur,47361,70500,2007-01-01T00:00:00.000,27.666670,95.783330
Maigatari-Danduma,30751,4629,2004-01-01T00:00:00.000,12.833330,9.383330
Malaga,15393,150,1933-01-01T00:00:00.000,32.216670,-104.000000
Malakal,15394,2000,1970-01-01T00:00:00.000,9.500000,31.750000
Malampaka,15395,470,1930-01-01T00:00:00.000,-3.133330,33.516670
Malotas,15397,,1931-01-01T00:00:00.000,-28.933330,-63.233330
Malvern,15400,807,1933-01-01T00:00:00.000,-29.450000,26.766670
Mamra Springs,15401,1000,1927-01-01T00:00:00.000,45.216670,62.083330
Manbhoom,15402,1700,1863-01-01T00:00:00.000,23.050000,86.700000
Manegaon,15403,50,1843-01-01T00:00:00.000,20.966670,76.100000
Mangwendi,15405,22300,1934-01-01T00:00:00.000,-17.650000,31.600000
Manych,15409,3555,1951-01-01T00:00:00.000,45.816670,44.633330
Mardan,15414,4500,1948-01-01T00:00:00.000,34.233330,72.083330
Maria Linden,15418,114,1925-01-01T00:00:00.000,,
Mariaville,15419,340,1898-01-01T00:00:00.000,42.716670,-99.383330
Maribo,48973,25.81,2009-01-01T00:00:00.000,54.761830,11.467450
Maridi,15421,3200,1941-01-01T00:00:00.000,4.666670,29.250000
Marilia,15422,2500,1971-01-01T00:00:00.000,-22.250000,-49.933330
Marion (Iowa),15424,28400,1847-01-01T00:00:00.000,41.900000,-91.600000
Marjalahti,15426,45000,1902-01-01T00:00:00.000,61.500000,30.500000
Marmande,15429,3000,1848-01-01T00:00:00.000,44.500000,0.150000
Maromandia,15430,6000,2002-01-01T00:00:00.000,-14.200000,48.100000
Maryville,15436,1443,1983-01-01T00:00:00.000,35.800000,-84.100000
Mascombes,15438,1000,1836-01-01T00:00:00.000,45.366670,1.866670
Mason Gully,53653,24.54,2010-01-01T00:00:00.000,0.000000,0.000000
Mässing,15443,1600,1803-01-01T00:00:00.000,48.133330,12.616670
Mauerkirchen,15446,19000,1768-01-01T00:00:00.000,48.183330,13.133330
Mauritius,15447,220,1801-01-01T00:00:00.000,-20.000000,57.000000
Mayo Belwa,15451,4850,1974-01-01T00:00:00.000,8.966670,12.083330
Mazapil,15453,4000,1885-01-01T00:00:00.000,24.683330,-101.683330
Maziba,15454,4975,1942-01-01T00:00:00.000,-1.216670,30.000000
Mbale,15455,150000,1992-01-01T00:00:00.000,1.066670,34.166670
Medanitos,15467,31,1953-01-01T00:00:00.000,-27.250000,-67.500000
Meerut,15469,22,1861-01-01T00:00:00.000,29.016670,77.800000
Meester-Cornelis,15470,24750,1915-01-01T00:00:00.000,-6.233330,106.883330
Menow,15485,10500,1862-01-01T00:00:00.000,53.183330,13.150000
Menziswyl,15486,28.9,1903-01-01T00:00:00.000,46.818670,7.218170
Mern,15489,4000,1878-01-01T00:00:00.000,55.050000,12.066670
Meru,15491,6000,1945-01-01T00:00:00.000,0.000000,37.666670
Merua,15492,71400,1920-01-01T00:00:00.000,25.483330,81.983330
Messina,15495,2405,1955-01-01T00:00:00.000,38.183330,15.566670
Meuselbach,16626,870,1897-01-01T00:00:00.000,50.583330,11.100000
Mezel,16627,1300,1949-01-01T00:00:00.000,45.766670,3.250000
Mezö-Madaras,16628,22700,1852-01-01T00:00:00.000,46.500000,25.733330
Mhow,16629,350,1827-01-01T00:00:00.000,25.900000,83.616670
Mianchi,16631,1100,1980-01-01T00:00:00.000,34.800000,111.700000
Middlesbrough,16632,1600,1881-01-01T00:00:00.000,54.566670,-1.166670
Mifflin,52090,3584,2010-01-01T00:00:00.000,42.907500,-90.365560
Mighei,16634,8000,1889-01-01T00:00:00.000,48.066670,30.966670
Mihonoseki,16635,6380,1992-01-01T00:00:00.000,35.568330,133.220000
Mike,16636,224.2,1944-01-01T00:00:00.000,46.233330,17.533330
Milena,16640,10000,1842-01-01T00:00:00.000,46.183330,16.100000
Millbillillie,16643,330000,1960-01-01T00:00:00.000,-26.450000,120.366670
Miller (Arkansas),16645,16700,1930-01-01T00:00:00.000,35.400000,-92.050000
Minamino,16692,1040,1632-01-01T00:00:00.000,35.078330,136.933330
Mineo,16696,42,1826-01-01T00:00:00.000,37.283330,14.700000
Min-Fan-Zhun,16697,5500,1952-01-01T00:00:00.000,32.333330,120.666670
Minnichhof,16700,550,1905-01-01T00:00:00.000,47.700000,16.600000
Mirzapur,16701,8510,1910-01-01T00:00:00.000,25.683330,83.250000
Misshof,16703,5800,1890-01-01T00:00:00.000,56.666670,23.000000
Mjelleim,16707,100.7,1898-01-01T00:00:00.000,61.733330,5.933330
Mocs,16709,300000,1882-01-01T00:00:00.000,46.800000,24.033330
Modoc (1905),16711,35000,1905-01-01T00:00:00.000,38.500000,-101.100000
Mokoia,16713,4500,1908-01-01T00:00:00.000,-39.633330,174.400000
Molina,16715,144000,1858-01-01T00:00:00.000,38.116670,-1.166670
Molteno,16717,150,1953-01-01T00:00:00.000,-31.250000,26.466670
Monahans (1998),16719,2587,1998-01-01T00:00:00.000,31.608330,-102.858330
Monroe,16720,8600,1849-01-01T00:00:00.000,35.250000,-80.500000
Monte das Fortes,16725,4885,1950-01-01T00:00:00.000,38.016670,-8.250000
Monte Milone,16726,3130,1846-01-01T00:00:00.000,43.266670,13.350000
Montferré,16727,149000,1923-01-01T00:00:00.000,43.390560,1.962500
Montlivault,16729,500,1838-01-01T00:00:00.000,47.633330,1.583330
Monze,16733,,1950-01-01T00:00:00.000,-15.966670,27.350000
Moore County,16736,1880,1913-01-01T00:00:00.000,35.416670,-79.383330
Mooresfort,16737,3520,1810-01-01T00:00:00.000,52.450000,-8.333330
Moorleah,16738,8887.5,1930-01-01T00:00:00.000,-40.975000,145.600000
Moradabad,16740,70,1808-01-01T00:00:00.000,28.783330,78.833330
Morávka,16742,633,2000-01-01T00:00:00.000,49.600000,18.533330
Mornans,16747,1300,1875-01-01T00:00:00.000,44.600000,5.133330
Moss,36592,3763,2006-01-01T00:00:00.000,59.433330,10.700000
Moti-ka-nagla,16759,1500,1868-01-01T00:00:00.000,26.833330,77.333330
Motta di Conti,16762,9150,1868-01-01T00:00:00.000,45.200000,8.500000
Mount Browne,16766,11300,1902-01-01T00:00:00.000,-29.800000,141.700000
Mount Tazerzait,16804,110000,1991-01-01T00:00:00.000,18.700000,4.800000
Mount Vaisi,16805,17000,1637-01-01T00:00:00.000,44.083330,6.866670
Mtola,16820,1100,1944-01-01T00:00:00.000,-11.500000,33.500000
Muddoor,16841,4400,1865-01-01T00:00:00.000,12.633330,77.016670
Mulletiwu,16851,25.5,1795-01-01T00:00:00.000,9.333330,80.833330
Muraid,16874,4703,1924-01-01T00:00:00.000,24.500000,90.216670
Murchison,16875,100000,1969-01-01T00:00:00.000,-36.616670,145.200000
Murray,16882,12600,1950-01-01T00:00:00.000,36.600000,-88.100000
Muzaffarpur,16885,1245,1964-01-01T00:00:00.000,26.133330,85.533330
Myhee Caunta,16887,,1842-01-01T00:00:00.000,23.050000,72.633330
Nadiabondi,16889,8165,1956-01-01T00:00:00.000,12.000000,1.000000
Nagai,16890,1810,1922-01-01T00:00:00.000,38.121670,140.061670
Nagaria,16892,20,1875-01-01T00:00:00.000,26.983330,78.216670
Nagy-Borové,16893,6100,1895-01-01T00:00:00.000,49.166670,19.500000
Nakhla,16898,10000,1911-01-01T00:00:00.000,31.316670,30.350000
Nakhon Pathom,16899,23200,1923-01-01T00:00:00.000,13.733330,100.083330
Nammianthal,16902,4500,1886-01-01T00:00:00.000,12.283330,79.200000
Nan Yang Pao,16903,52900,1917-01-01T00:00:00.000,35.666670,103.500000
Nanjemoy,16904,7500,1825-01-01T00:00:00.000,38.416670,-77.166670
Nantong,16907,529,1984-01-01T00:00:00.000,32.116670,121.800000
Naoki,16908,17000,1928-01-01T00:00:00.000,19.250000,77.000000
Naragh,16909,2700,1974-01-01T00:00:00.000,33.750000,51.500000
Narellan,16912,367.5,1928-01-01T00:00:00.000,-34.050000,150.688890
Narni,16914,,0921-01-01T00:00:00.000,42.516670,12.516670
Nassirah,16922,347,1936-01-01T00:00:00.000,-21.733330,165.900000
Natal,16923,1.4,1973-01-01T00:00:00.000,,
Nawapali,16927,105,1890-01-01T00:00:00.000,21.250000,83.666670
Neagari,16934,420,1995-01-01T00:00:00.000,36.449170,136.465280
Nedagolla,16935,4500,1870-01-01T00:00:00.000,18.683330,83.483330
Nejo,16941,2450,1970-01-01T00:00:00.000,9.500000,35.333330
Nerft,16945,10250,1864-01-01T00:00:00.000,56.500000,21.500000
Neuschwanstein,16950,6189,2002-01-01T00:00:00.000,47.525000,10.808330
New Concord,16953,230000,1860-01-01T00:00:00.000,40.000000,-81.766670
New Halfa,16954,12000,1994-01-01T00:00:00.000,15.366670,35.683330
New Orleans,16960,19256,2003-01-01T00:00:00.000,29.947180,-90.109760
Ngawi,16966,1393,1883-01-01T00:00:00.000,-7.450000,111.416670
N'Goureyma,16968,37500,1900-01-01T00:00:00.000,13.850000,-4.383330
Nicorps,16970,,1750-01-01T00:00:00.000,49.033330,-1.433330
Niger (L6),16974,3.3,1967-01-01T00:00:00.000,,
Niger (LL6),16975,3.3,1967-01-01T00:00:00.000,,
Nikolaevka,16976,3996,1935-01-01T00:00:00.000,52.450000,78.633330
Nikolskoe,16977,6000,1954-01-01T00:00:00.000,56.116670,37.333330
Ningbo,16980,14250,1975-01-01T00:00:00.000,29.866670,121.483330
Ningqiang,16981,4610,1983-01-01T00:00:00.000,32.925000,105.906670
Nio,16982,467,1897-01-01T00:00:00.000,34.200000,131.566670
N'Kandhla,16983,17200,1912-01-01T00:00:00.000,-28.566670,30.700000
Nobleborough,16984,2300,1823-01-01T00:00:00.000,44.083330,-69.483330
Noblesville,16985,483.7,1991-01-01T00:00:00.000,40.085280,-86.055000
Nogata,16988,472,0861-01-01T00:00:00.000,33.725000,130.750000
Nogoya,16989,4000,1879-01-01T00:00:00.000,-32.366670,-59.833330
Norfork,16994,1050,1918-01-01T00:00:00.000,36.216670,-92.266670
Norton County,17922,1100000,1948-01-01T00:00:00.000,39.683330,-99.866670
Noventa Vicentina,17930,177,1971-01-01T00:00:00.000,45.291670,11.527220
Novo-Urei,17933,1900,1886-01-01T00:00:00.000,54.816670,46.000000
Novy-Ergi,17934,,1662-01-01T00:00:00.000,58.550000,31.333330
Novy-Projekt,17935,1001,1908-01-01T00:00:00.000,56.000000,22.000000
Noyan-Bogdo,17936,250,1933-01-01T00:00:00.000,42.916670,102.466670
Nuevo Mercurio,17938,50000,1978-01-01T00:00:00.000,24.300000,-102.133330
Nulles,17959,5000,1851-01-01T00:00:00.000,41.633330,0.750000
Numakai,17960,363,1925-01-01T00:00:00.000,43.333330,141.866670
Nyaung,17969,737.6,1939-01-01T00:00:00.000,21.208330,94.916670
Nyirábrany,17970,1100,1914-01-01T00:00:00.000,47.550000,22.025000
Ochansk,17979,500000,1887-01-01T00:00:00.000,57.783330,55.266670
Oesede,17988,1400,1927-01-01T00:00:00.000,52.283330,8.050000
Oesel,17989,6000,1855-01-01T00:00:00.000,58.500000,23.000000
Ofehértó,17990,3750,1900-01-01T00:00:00.000,47.883330,22.033330
Ogi,17994,14360,1741-01-01T00:00:00.000,33.283330,130.200000
Ohaba,17995,16250,1857-01-01T00:00:00.000,46.066670,23.583330
Ohuma,17996,7700,1963-01-01T00:00:00.000,6.750000,8.500000
Ojuelos Altos,17997,5850,1926-01-01T00:00:00.000,38.183330,-5.400000
Okabe,17998,194,1958-01-01T00:00:00.000,36.183330,139.216670
Okano,18000,4742,1904-01-01T00:00:00.000,35.083330,135.200000
Okniny,18002,12000,1834-01-01T00:00:00.000,50.833330,25.500000
Oldenburg (1930),18009,16570,1930-01-01T00:00:00.000,52.950000,8.166670
Oliva-Gandia,18012,,1520-01-01T00:00:00.000,39.000000,-0.033330
Olivenza,18013,150000,1924-01-01T00:00:00.000,38.716670,-7.066670
Olmedilla de Alarcón,18015,40000,1929-01-01T00:00:00.000,39.566670,-2.100000
Omolon,18019,250000,1981-01-01T00:00:00.000,64.020000,161.808330
Orgueil,18026,14000,1864-01-01T00:00:00.000,43.883330,1.383330
Orlando,34489,180,2004-01-01T00:00:00.000,28.547500,-81.362220
Ornans,18030,6000,1868-01-01T00:00:00.000,47.116670,6.150000
Ortenau,18033,4500,1671-01-01T00:00:00.000,48.500000,8.000000
Orvinio,18034,3400,1872-01-01T00:00:00.000,42.133330,12.933330
Oterøy,18042,246,1928-01-01T00:00:00.000,58.883330,9.400000
Otomi,18045,6510,1867-01-01T00:00:00.000,38.400000,140.350000
Ottawa,18046,840,1896-01-01T00:00:00.000,38.600000,-95.216670
Ouadangou,56729,4440,2003-01-01T00:00:00.000,12.900000,0.080000
Oued el Hadjar,18050,1215.5,1986-01-01T00:00:00.000,30.180000,-6.577170
Oum Dreyga,31282,17000,2003-01-01T00:00:00.000,24.300000,-13.100000
Ourique,18052,20000,1998-01-01T00:00:00.000,37.608330,-8.280000
Ovambo,18055,121.5,1900-01-01T00:00:00.000,-18.000000,16.000000
Oviedo,18058,205,1856-01-01T00:00:00.000,43.400000,-5.866670
Owrucz,18062,,1775-01-01T00:00:00.000,51.333330,28.833330
Pacula,18068,3400,1881-01-01T00:00:00.000,21.050000,-99.300000
Padvarninkai,18069,3858,1929-01-01T00:00:00.000,55.666670,25.000000
Paitan,18072,515,1910-01-01T00:00:00.000,17.743330,120.455830
Palahatchie,18073,,1910-01-01T00:00:00.000,32.316670,-89.716670
Palca de Aparzo,18074,1430,1988-01-01T00:00:00.000,-23.116670,-65.100000
Palinshih,18077,18000,1914-01-01T00:00:00.000,43.483330,118.616670
Palmyra,18079,135,1926-01-01T00:00:00.000,39.800000,-91.500000
Palolo Valley,18082,682,1949-01-01T00:00:00.000,21.300000,-157.783330
Dominion Range 03239,32591,69.5,2002-01-01T00:00:00.000,,
Pampanga,18093,10500,1859-01-01T00:00:00.000,15.083330,120.700000
Pantar,18098,2130,1938-01-01T00:00:00.000,8.066670,124.283330
Paragould,18101,408000,1930-01-01T00:00:00.000,36.066670,-90.500000
Parambu,18102,2000,1967-01-01T00:00:00.000,-6.233330,-40.700000
Paranaiba,18103,100000,1956-01-01T00:00:00.000,-19.133330,-51.666670
Park Forest,18106,18000,2003-01-01T00:00:00.000,41.484720,-87.679170
Parnallee,18108,77600,1857-01-01T00:00:00.000,9.233330,78.350000
Parsa,18109,800,1942-01-01T00:00:00.000,26.200000,85.400000
Pasamonte,18110,5100,1933-01-01T00:00:00.000,36.216670,-103.400000
Patora,18112,4375,1969-01-01T00:00:00.000,20.936940,82.050000
Patrimonio,18116,2121,1950-01-01T00:00:00.000,-19.533330,-48.566670
Patti,18118,12,1922-01-01T00:00:00.000,38.133330,14.966670
Patwar,18171,37350,1935-01-01T00:00:00.000,23.150000,91.183330
Pavel,18173,2968,1966-01-01T00:00:00.000,43.466670,25.516670
Pavlodar (stone),18175,142.5,1938-01-01T00:00:00.000,52.300000,77.033330
Pavlograd,18176,40000,1826-01-01T00:00:00.000,48.533330,35.983330
Pavlovka,18177,2000,1882-01-01T00:00:00.000,52.033330,43.000000
Pê,18179,,1989-01-01T00:00:00.000,11.333670,-3.542170
Peace River,18180,45760,1963-01-01T00:00:00.000,56.133330,-117.933330
Peckelsheim,18181,117.8,1953-01-01T00:00:00.000,51.666670,9.250000
Peekskill,18782,12570,1992-01-01T00:00:00.000,41.283330,-73.916670
Peña Blanca Spring,18786,70000,1946-01-01T00:00:00.000,30.125000,-103.116670
Peramiho,18792,165,1899-01-01T00:00:00.000,-10.666670,35.500000
Perpeti,18793,23474,1935-01-01T00:00:00.000,23.325000,91.000000
Perth,18797,2,1830-01-01T00:00:00.000,56.400000,-3.433330
Pervomaisky,18798,66000,1933-01-01T00:00:00.000,56.633330,39.433330
Pesyanoe,18799,3393,1933-01-01T00:00:00.000,55.500000,66.083330
Pétèlkolé,18800,189,1995-01-01T00:00:00.000,14.052000,0.420000
Petersburg,18801,1800,1855-01-01T00:00:00.000,35.300000,-86.633330
Pettiswood,18804,,1779-01-01T00:00:00.000,53.533330,-7.333330
Phillips County (stone),18808,57900,1901-01-01T00:00:00.000,40.000000,-99.250000
Phu Hong,18809,500,1887-01-01T00:00:00.000,11.250000,108.583330
Phum Sambo,18811,7800,1933-01-01T00:00:00.000,12.000000,105.483330
Phuoc-Binh,18812,11000,1941-01-01T00:00:00.000,15.716670,108.100000
Piancaldoli,18813,13.1,1968-01-01T00:00:00.000,44.244170,11.502220
Picote,18816,,1843-01-01T00:00:00.000,41.366670,-6.233330
Pillistfer,18822,23250,1863-01-01T00:00:00.000,58.666670,25.733330
Piplia Kalan,18831,42000,1996-01-01T00:00:00.000,26.034720,73.941670
Piquetberg,18832,37,1881-01-01T00:00:00.000,-32.866670,18.716670
Pirgunje,18834,842,1882-01-01T00:00:00.000,25.800000,88.450000
Pirthalla,18835,1161,1884-01-01T00:00:00.000,29.583330,76.000000
Pitts,18837,3760,1921-01-01T00:00:00.000,31.950000,-83.516670
Plantersville,18846,2085,1930-01-01T00:00:00.000,30.700000,-96.116670
Pleşcoi,51706,6913,2008-01-01T00:00:00.000,45.275000,26.709720
Ploschkovitz,18849,39,1723-01-01T00:00:00.000,50.533330,14.116670
Pnompehn,18851,96,1868-01-01T00:00:00.000,11.583330,104.916670
Dominion Range 03240,32592,290.89999999999998,2002-01-01T00:00:00.000,,
Pohlitz,18853,3000,1819-01-01T00:00:00.000,50.933330,12.133330
Pokhra,18858,350,1866-01-01T00:00:00.000,26.716670,82.666670
Pollen,18860,253.6,1942-01-01T00:00:00.000,66.348330,14.015000
Pontlyfni,18865,157,1931-01-01T00:00:00.000,53.036390,-4.319440
Portales Valley,18874,71400,1998-01-01T00:00:00.000,34.175000,-103.295000
Portugal,18876,4500,1796-01-01T00:00:00.000,38.500000,-8.000000
Po-wang Chen,18879,665,1933-01-01T00:00:00.000,31.416670,118.500000
Prambachkirchen,18883,2125,1932-01-01T00:00:00.000,48.302500,13.940830
Pribram,18887,5555,1959-01-01T00:00:00.000,49.666670,14.033330
Pricetown,18888,900,1893-01-01T00:00:00.000,39.116670,-83.850000
Puerto Lápice,45984,500,2007-01-01T00:00:00.000,39.350000,-3.516670
Pulsora,18899,560,1863-01-01T00:00:00.000,23.366670,75.183330
Pultusk,18901,250000,1868-01-01T00:00:00.000,52.766670,21.266670
Punganaru,18902,100,1811-01-01T00:00:00.000,13.333330,78.950000
Putinga,18905,300000,1937-01-01T00:00:00.000,-29.033330,-53.050000
Qidong,18907,1275,1982-01-01T00:00:00.000,32.083330,121.500000
Qingzhen,18908,2600,1976-01-01T00:00:00.000,26.533330,106.466670
Queen's Mercy,22357,7000,1925-01-01T00:00:00.000,-30.116670,28.700000
Quenggouk,22358,6045,1857-01-01T00:00:00.000,17.766670,95.183330
Quesa,22360,10750,1898-01-01T00:00:00.000,39.000000,-0.666670
Quija,22361,17450,1990-01-01T00:00:00.000,44.616670,126.133330
Quincay,22363,65,1851-01-01T00:00:00.000,46.600000,0.250000
Raco,22368,5000,1957-01-01T00:00:00.000,-26.666670,-65.450000
Raghunathpura,22371,10200,1986-01-01T00:00:00.000,27.725280,76.465000
Rahimyar Khan,31302,67225,1983-01-01T00:00:00.000,28.225000,70.200000
Rakovka,22376,9000,1878-01-01T00:00:00.000,52.983330,37.033330
Ramnagar,22384,3766,1940-01-01T00:00:00.000,26.450000,82.900000
Rampurhat,22385,100,1916-01-01T00:00:00.000,24.166670,87.766670
Ramsdorf,22386,4682,1958-01-01T00:00:00.000,51.883330,6.933330
Ranchapur,22387,290.39999999999998,1917-01-01T00:00:00.000,23.983330,87.083330
Rancho de la Presa,22390,300,1899-01-01T00:00:00.000,19.866670,-100.816670
Rangala,22392,3224.5,1937-01-01T00:00:00.000,25.383330,72.016670
Raoyang,22394,4910,1919-01-01T00:00:00.000,38.200000,115.700000
Ras Tanura,22395,6.1,1961-01-01T00:00:00.000,26.666670,50.150000
Rasgrad,22396,24700,1740-01-01T00:00:00.000,43.500000,26.533330
Ratyn,22398,910,1880-01-01T00:00:00.000,52.200000,17.983330
Red Canyon Lake,53502,18.41,2007-01-01T00:00:00.000,38.137420,-119.758120
Reliegos,22584,17300,1947-01-01T00:00:00.000,42.475000,-5.333330
Rembang,22585,10000,1919-01-01T00:00:00.000,-6.733330,111.366670
Renazzo,22586,1000,1824-01-01T00:00:00.000,44.766670,11.283330
Renca,22587,300,1925-01-01T00:00:00.000,-32.750000,-65.283330
Renqiu,22589,355,1916-01-01T00:00:00.000,38.666670,116.133330
Repeev Khutor,22590,7000,1933-01-01T00:00:00.000,48.600000,45.666670
Revelstoke,22592,1,1965-01-01T00:00:00.000,51.333330,-118.950000
Rewari,22593,3332,1929-01-01T00:00:00.000,28.200000,76.666670
Rich Mountain,22597,668,1903-01-01T00:00:00.000,35.033330,-83.033330
Uzcudun,24140,20000,1948-01-01T00:00:00.000,-44.116670,-66.150000
Richardton,22599,90000,1918-01-01T00:00:00.000,46.883330,-102.316670
Richland Springs,22602,1900,1980-01-01T00:00:00.000,31.250000,-99.033330
Richmond,22603,1800,1828-01-01T00:00:00.000,37.466670,-77.500000
Rio Negro,22611,1310,1934-01-01T00:00:00.000,-26.100000,-49.800000
Rivolta de Bassi,22614,103.3,1491-01-01T00:00:00.000,45.483330,9.516670
Rochester,22637,340,1876-01-01T00:00:00.000,41.083330,-86.283330
Rockhampton,22640,1641,1895-01-01T00:00:00.000,-23.383330,150.516670
Roda,22641,400,1871-01-01T00:00:00.000,42.300000,0.550000
Rodach,22642,2900,1775-01-01T00:00:00.000,50.350000,10.800000
Rose City,22766,10600,1921-01-01T00:00:00.000,44.516670,-83.950000
Rowton,22773,3500,1876-01-01T00:00:00.000,52.766670,-2.516670
Ruhobobo,22780,465.5,1976-01-01T00:00:00.000,-1.450000,29.833330
Rumuruti,22782,67,1934-01-01T00:00:00.000,0.266670,36.533330
Rupota,22783,6000,1949-01-01T00:00:00.000,-10.266670,38.766670
Ryechki,22791,13000,1914-01-01T00:00:00.000,51.133330,34.500000
Sabetmahet,22792,1250,1855-01-01T00:00:00.000,27.433330,82.083330
Sabrum,22793,478,1999-01-01T00:00:00.000,23.083330,91.666670
Sagan,22796,,1636-01-01T00:00:00.000,51.533330,14.883330
Saint-Sauveur,23101,14000,1914-01-01T00:00:00.000,43.733330,1.383330
Saint-Séverin,23102,271000,1966-01-01T00:00:00.000,45.300000,0.233330
Sakauchi,23103,4180,1913-01-01T00:00:00.000,35.666670,136.300000
Salem,23107,61.4,1981-01-01T00:00:00.000,44.979170,-122.969440
Salles,23111,9000,1798-01-01T00:00:00.000,46.050000,4.633330
Salzwedel,23114,43,1985-01-01T00:00:00.000,52.750000,11.050000
Samelia,23115,2462,1921-01-01T00:00:00.000,25.666670,74.866670
San Juan Capistrano,23128,56,1973-01-01T00:00:00.000,33.484720,-117.662500
San Michele,31315,237,2002-01-01T00:00:00.000,43.666670,13.000000
San Pedro de Quiles,23130,282,1956-01-01T00:00:00.000,-31.016670,-71.400000
San Pedro Jacuaro,34063,460,1968-01-01T00:00:00.000,19.766670,-100.650000
Santa Barbara,23161,400,1873-01-01T00:00:00.000,-29.200000,-51.866670
Santa Cruz,23164,60,1939-01-01T00:00:00.000,24.166670,-99.333330
Santa Isabel,23165,5500,1924-01-01T00:00:00.000,-33.900000,-61.700000
Santa Lucia (2008),50909,4000,2008-01-01T00:00:00.000,-31.535556,-68.489444
São Jose do Rio Preto,23171,927,1962-01-01T00:00:00.000,-20.810000,-49.380560
Saratov,23176,200000,1918-01-01T00:00:00.000,52.550000,46.550000
Sasagase,23187,695,1688-01-01T00:00:00.000,34.716670,137.783330
Sauguis,23188,4000,1868-01-01T00:00:00.000,43.150000,-0.850000
Savtschenskoje,23190,2500,1894-01-01T00:00:00.000,47.216670,29.866670
Sayama,23192,430,1986-01-01T00:00:00.000,35.866670,139.400000
Sazovice,23455,412,1934-01-01T00:00:00.000,49.233330,17.566670
Schellin,23457,7000,1715-01-01T00:00:00.000,53.350000,15.050000
Schenectady,23458,283.3,1968-01-01T00:00:00.000,42.860830,-73.950280
Schönenberg,23460,8000,1846-01-01T00:00:00.000,48.116670,10.466670
Searsmont,23472,5400,1871-01-01T00:00:00.000,44.366670,-69.200000
Sediköy,23473,240,1917-01-01T00:00:00.000,38.300000,27.133330
Segowlie,23476,6930,1853-01-01T00:00:00.000,26.750000,84.783330
Selakopi,23481,1590,1939-01-01T00:00:00.000,-7.233330,107.333330
Seldebourak,23483,150,1947-01-01T00:00:00.000,22.833330,4.983330
Semarkona,23487,691,1940-01-01T00:00:00.000,22.250000,79.000000
Sena,23495,4000,1773-01-01T00:00:00.000,41.716670,-0.050000
Senboku,23496,866,1993-01-01T00:00:00.000,39.438330,140.511670
Seoni,23500,20000,1966-01-01T00:00:00.000,21.683890,79.500830
Seres,23501,8500,1818-01-01T00:00:00.000,41.050000,23.566670
Serra de Magé,23502,1800,1923-01-01T00:00:00.000,-8.383330,-36.766670
Sete Lagoas,23504,350,1908-01-01T00:00:00.000,-19.466670,-44.216670
Sevilla,23508,180,1862-01-01T00:00:00.000,37.416670,-6.000000
Sevrukovo,23509,101000,1874-01-01T00:00:00.000,50.616670,36.600000
Sfax,23512,7000,1989-01-01T00:00:00.000,34.750000,10.716670
Shalka,23521,4000,1850-01-01T00:00:00.000,23.100000,87.300000
Sharps,23525,1265,1921-01-01T00:00:00.000,37.833330,-76.700000
Shelburne,23529,18600,1904-01-01T00:00:00.000,44.050000,-80.166670
Shergotty,23530,5000,1865-01-01T00:00:00.000,24.550000,84.833330
Sheyang,23531,605,1976-01-01T00:00:00.000,33.650000,120.066670
Shikarpur,23534,3679.7,1921-01-01T00:00:00.000,25.850000,87.577500
Shuangyang,23582,3900,1971-01-01T00:00:00.000,43.500000,125.666670
Shupiyan,23583,5000,1912-01-01T00:00:00.000,33.716670,74.833330
Shytal,23584,3200,1863-01-01T00:00:00.000,24.333330,90.166670
Siena,23586,3700,1794-01-01T00:00:00.000,43.116670,11.600000
Sikhote-Alin,23593,23000000,1947-01-01T00:00:00.000,46.160000,134.653330
Silao,23594,1710,1995-01-01T00:00:00.000,20.933330,-101.383330
Silistra,55584,0.15,1917-01-01T00:00:00.000,44.116670,27.266670
Simmern,23603,1222,1920-01-01T00:00:00.000,49.983330,7.533330
Sinai,23606,1455,1916-01-01T00:00:00.000,30.900000,32.483330
Sindhri,23611,8400,1901-01-01T00:00:00.000,26.216670,69.550000
Sinnai,23613,2000,1956-01-01T00:00:00.000,39.300000,9.200000
Sioux County,23614,4100,1933-01-01T00:00:00.000,42.583330,-103.666670
Sitathali,23616,1600,1875-01-01T00:00:00.000,20.916670,82.583330
Sivas,23617,40000,1989-01-01T00:00:00.000,39.824670,36.135830
Sixiangkou,23619,630,1989-01-01T00:00:00.000,32.433330,119.866670
Ski,23621,850,1848-01-01T00:00:00.000,59.733330,10.866670
Slavetic,23626,1708,1868-01-01T00:00:00.000,45.683330,15.600000
Slobodka,23645,2750,1818-01-01T00:00:00.000,55.000000,35.000000
Soheria,23660,72.900000000000006,1960-01-01T00:00:00.000,27.133330,84.066670
Soko-Banja,23661,80000,1877-01-01T00:00:00.000,43.666670,21.866670
Sologne,23663,54,1860-01-01T00:00:00.000,47.366670,1.733330
Sołtmany,53829,1066,2011-01-01T00:00:00.000,54.008830,22.005000
Sone,23667,17100,1866-01-01T00:00:00.000,35.166670,135.333330
Songyuan,23668,36900,1993-01-01T00:00:00.000,45.250000,125.000000
Sopot,23670,958,1927-01-01T00:00:00.000,44.416670,23.500000
Soroti,23671,2050,1945-01-01T00:00:00.000,1.700000,33.633330
St. Caprais-de-Quinsac,23081,360,1883-01-01T00:00:00.000,44.750000,0.050000
St. Christophe-la-Chartreuse,23082,5500,1841-01-01T00:00:00.000,46.950000,-1.500000
St. Denis Westrem,23083,700,1855-01-01T00:00:00.000,51.050000,3.750000
St. Germain-du-Pinel,23087,4000,1890-01-01T00:00:00.000,48.016670,-1.150000
St. Louis,23089,1000,1950-01-01T00:00:00.000,38.700000,-90.233330
St. Mark's,23090,13780,1903-01-01T00:00:00.000,-32.016670,27.416670
St. Mary's County,23091,24.3,1919-01-01T00:00:00.000,38.166670,-76.383330
St. Mesmin,23092,8300,1866-01-01T00:00:00.000,48.450000,3.933330
St. Michel,23093,17000,1910-01-01T00:00:00.000,61.650000,27.200000
St.-Chinian,23097,134.30000000000001,1959-01-01T00:00:00.000,43.433330,2.950000
Ställdalen,23712,34000,1876-01-01T00:00:00.000,59.933330,14.950000
Stannern,23713,52000,1808-01-01T00:00:00.000,49.283330,15.566670
Stavropol,23717,1500,1857-01-01T00:00:00.000,45.050000,41.983330
Ste. Marguerite,23099,4960,1962-01-01T00:00:00.000,50.766670,3.000000
Sterlitamak,23724,325000,1990-01-01T00:00:00.000,53.666670,55.983330
Stolzenau,23726,,1647-01-01T00:00:00.000,52.533330,9.050000
Stratford,23728,50,1974-01-01T00:00:00.000,41.200000,-73.133330
Strathmore,23729,13400,1917-01-01T00:00:00.000,56.583330,-3.250000
Stretchleigh,23732,10400,1623-01-01T00:00:00.000,50.383330,-3.950000
St-Robert,23733,25400,1994-01-01T00:00:00.000,45.968610,-72.978060
Success,23736,3500,1924-01-01T00:00:00.000,36.483330,-90.666670
Suchy Dul,23737,815.3,1969-01-01T00:00:00.000,50.538060,16.263330
Suizhou,23738,260000,1986-01-01T00:00:00.000,31.616670,113.466670
Sulagiri,48951,110000,2008-01-01T00:00:00.000,12.666670,78.033330
Sultanpur,23741,1710.5,1916-01-01T00:00:00.000,25.933330,84.283330
Sungach,23745,637,1935-01-01T00:00:00.000,44.866670,133.166670
Supuhee,23760,7235,1865-01-01T00:00:00.000,26.716670,84.216670
Sutter's Mill,55529,992.5,2012-01-01T00:00:00.000,38.803890,-120.908060
Sylacauga,23773,5560,1954-01-01T00:00:00.000,33.188360,-86.294500
Tabor,23776,7540,1753-01-01T00:00:00.000,49.400000,14.650000
Tadjera,23778,9000,1867-01-01T00:00:00.000,36.183330,5.416670
Tagish Lake,23782,10000,2000-01-01T00:00:00.000,59.704440,-134.201390
Tahara,23784,1000,1991-01-01T00:00:00.000,34.720000,137.305000
Takenouchi,23789,720,1880-01-01T00:00:00.000,35.383330,134.900000
Talampaya,23791,1421,1995-01-01T00:00:00.000,,
Tambakwatu,23795,10500,1975-01-01T00:00:00.000,-7.750000,112.766670
Tamdakht,48691,100000,2008-01-01T00:00:00.000,31.163330,-7.015000
Tané,23801,905,1918-01-01T00:00:00.000,35.433330,136.233330
Taonan,23873,3850,1965-01-01T00:00:00.000,45.400000,122.900000
Tatahouine,23884,12000,1931-01-01T00:00:00.000,32.950000,10.416670
Tathlith,23885,2500,1967-01-01T00:00:00.000,19.383330,43.733330
Tauk,23887,6000,1929-01-01T00:00:00.000,35.133330,44.450000
Tauti,23888,21000,1937-01-01T00:00:00.000,46.716670,23.500000
Tenham,23897,160000,1879-01-01T00:00:00.000,-25.733330,142.950000
Tennasilm,23898,28500,1872-01-01T00:00:00.000,58.033330,26.950000
Thal,23908,342,1950-01-01T00:00:00.000,33.400000,70.600000
Thika,54493,14200,2011-01-01T00:00:00.000,-1.002780,37.150280
Thuathe,23976,45300,2002-01-01T00:00:00.000,-29.333330,27.583330
Tianzhang,23984,2232,1986-01-01T00:00:00.000,32.946670,118.990000
Tieschitz,23989,28000,1878-01-01T00:00:00.000,49.600000,17.116670
Tilden,23998,74800,1927-01-01T00:00:00.000,38.200000,-89.683330
Tillaberi,23999,3000,1970-01-01T00:00:00.000,14.250000,1.533330
Timochin,24004,65500,1807-01-01T00:00:00.000,54.500000,35.200000
Tirupati,24009,230,1934-01-01T00:00:00.000,13.633330,79.416670
Tissint,54823,7000,2011-01-01T00:00:00.000,29.481950,-7.611230
Tjabe,24011,20000,1869-01-01T00:00:00.000,-7.083330,111.533330
Tjerebon,24012,16500,1922-01-01T00:00:00.000,-6.666670,106.583330
Tomakovka,24019,600,1905-01-01T00:00:00.000,47.850000,34.766670
